# name	version	archive	sha256
mingw-w64-ucrt-x86_64-SDL2	2.32.10-1	mingw-w64-ucrt-x86_64-SDL2-2.32.10-1-any.pkg.tar.zst	9e77124b14bedaafbfb44ac26e5fb43890184db23292cebf2251b2178fad6693
mingw-w64-ucrt-x86_64-abseil-cpp	20260526.0-1	mingw-w64-ucrt-x86_64-abseil-cpp-20260526.0-1-any.pkg.tar.zst	89803dbb88b7e1a18169fd2ecefa2b85de3d99fcd5d6899b737e4451532b691f
mingw-w64-ucrt-x86_64-aom	3.15.1-1	mingw-w64-ucrt-x86_64-aom-3.15.1-1-any.pkg.tar.zst	b0a3489bdb62585becedee834884c03eef2e23d07406d91b98888b49c1787d27
mingw-w64-ucrt-x86_64-binutils	2.47-4	mingw-w64-ucrt-x86_64-binutils-2.47-4-any.pkg.tar.zst	c18a40b871bfddb5da030f015003479ca85625afde1cb89f7313945e6151397d
mingw-w64-ucrt-x86_64-brotli	1.2.0-1	mingw-w64-ucrt-x86_64-brotli-1.2.0-1-any.pkg.tar.zst	9cc89665496ea504751476eafba15c71c554aaf3004babc2004f7c07ffd60514
mingw-w64-ucrt-x86_64-bzip2	1.0.8-4	mingw-w64-ucrt-x86_64-bzip2-1.0.8-4-any.pkg.tar.zst	f03a2174034ddd2d96cecd34f617c5f8e2ef86c812b8d2bb3b8875257f2c8bfa
mingw-w64-ucrt-x86_64-c-ares	1.34.8-1	mingw-w64-ucrt-x86_64-c-ares-1.34.8-1-any.pkg.tar.zst	2313d531bc9dc7aae6be3ce0f8ace516bb04191c4f3f62c78c7dfd246d2a9ba6
mingw-w64-ucrt-x86_64-ca-certificates	20260816-1	mingw-w64-ucrt-x86_64-ca-certificates-20260816-1-any.pkg.tar.zst	123fac39b85ac36364d5ff9c1411cb448f9581fd12940af83adcd12a8eab9f55
mingw-w64-ucrt-x86_64-cairo	1.18.6-2	mingw-w64-ucrt-x86_64-cairo-1.18.6-2-any.pkg.tar.zst	021c0a4d1df463d08d0cac170818a7cbaccaa5b09ac6edc7948e461cb5a46e85
mingw-w64-ucrt-x86_64-cc-libs	16.2.0-4	mingw-w64-ucrt-x86_64-cc-libs-16.2.0-4-any.pkg.tar.zst	b05218ea8b8f2142d2042cd01843810f4cf9345af6e5e7fe39395590cd55b2dc
mingw-w64-ucrt-x86_64-cmake	4.4.4-3	mingw-w64-ucrt-x86_64-cmake-4.4.4-3-any.pkg.tar.zst	e84945777f82fdaf231d9c520f53b4518d26730425306e4d4207bdf2d9493faa
mingw-w64-ucrt-x86_64-cppdap	1.65.r11.g6464cd7-1	mingw-w64-ucrt-x86_64-cppdap-1.65.r11.g6464cd7-1-any.pkg.tar.zst	9dbf7b779531de1d47374c69421b0eb5f6152aea61dc725b012a053c96a213d8
mingw-w64-ucrt-x86_64-crt	14.0.0.r426.g4564ee4b5-1	mingw-w64-ucrt-x86_64-crt-14.0.0.r426.g4564ee4b5-1-any.pkg.tar.zst	5d1c1f2c3859e690181d9ebcada1640a6744ab8dd5643b4bdbc7fe258af95037
mingw-w64-ucrt-x86_64-curl	8.22.0-1	mingw-w64-ucrt-x86_64-curl-8.22.0-1-any.pkg.tar.zst	68bbc1420fde3556a05d6b38017cd1b807b9cb62b6a3c74ced41626af7fa9603
mingw-w64-ucrt-x86_64-dav1d	1.5.4-1	mingw-w64-ucrt-x86_64-dav1d-1.5.4-1-any.pkg.tar.zst	ccf26c6f29fd36f5692d57fd5e0fe3becec492e0b875fd5e04f47a9582eb8b37
mingw-w64-ucrt-x86_64-dbus	1.16.2-4	mingw-w64-ucrt-x86_64-dbus-1.16.2-4-any.pkg.tar.zst	0fbb10a269563db51c7227e9dd909dbf0fdd9ca7f5c99a827ab7e1abf501ac9a
mingw-w64-ucrt-x86_64-double-conversion	3.4.0-1	mingw-w64-ucrt-x86_64-double-conversion-3.4.0-1-any.pkg.tar.zst	b3abc4326bc695fe97cf29389513badf65a1ac3dc2841c71a1340edd483af17c
mingw-w64-ucrt-x86_64-expat	2.9.0-1	mingw-w64-ucrt-x86_64-expat-2.9.0-1-any.pkg.tar.zst	f52364dc874009316e1ee1fe46ee89784594b80d10cbcc1cc856945d575308e0
mingw-w64-ucrt-x86_64-ffmpeg	9.0.2-1	mingw-w64-ucrt-x86_64-ffmpeg-9.0.2-1-any.pkg.tar.zst	fa38d677cc6373180d9650e675c503d28fb6e60b99eb630a97866051afa953b2
mingw-w64-ucrt-x86_64-fontconfig	2.18.3-1	mingw-w64-ucrt-x86_64-fontconfig-2.18.3-1-any.pkg.tar.zst	d0b364f3ee37e3b6f6c136688ce8fa909bb6d8a69df7e08de1aa40870d9e1d60
mingw-w64-ucrt-x86_64-freeglut	3.8.0-1	mingw-w64-ucrt-x86_64-freeglut-3.8.0-1-any.pkg.tar.zst	b9b9212f0b7e5ba42709e153143efac410765bde9fd1ad9991bc025bf1567805
mingw-w64-ucrt-x86_64-freetype	2.14.3-1	mingw-w64-ucrt-x86_64-freetype-2.14.3-1-any.pkg.tar.zst	f502bdf9ed07aa95e223e1aba17ce8cb2d975aab5066eec17a2d7dc4fb8a1c20
mingw-w64-ucrt-x86_64-frei0r-plugins	3.6.0-1	mingw-w64-ucrt-x86_64-frei0r-plugins-3.6.0-1-any.pkg.tar.zst	90bafc156bae4afbc70245c499bfb141eef6f3ff2845907e124e1ad9053068ef
mingw-w64-ucrt-x86_64-fribidi	1.0.17-1	mingw-w64-ucrt-x86_64-fribidi-1.0.17-1-any.pkg.tar.zst	3581ee03cf83a9bb0e98bf688c4f532a29553500e317532d90746de295b0f8a8
mingw-w64-ucrt-x86_64-gcc	16.2.0-4	mingw-w64-ucrt-x86_64-gcc-16.2.0-4-any.pkg.tar.zst	dfde2ee85df123a4afc43ac7bf8d4c379ddb919010c4b79a17db0862e030b2d1
mingw-w64-ucrt-x86_64-gcc-libs	16.2.0-4	mingw-w64-ucrt-x86_64-gcc-libs-16.2.0-4-any.pkg.tar.zst	e82d3a60a8d227632d1ddf713cb2c426cf2cb7f9ba19e6cc8f6ca99ede0547b6
mingw-w64-ucrt-x86_64-gdk-pixbuf2	2.44.8-1	mingw-w64-ucrt-x86_64-gdk-pixbuf2-2.44.8-1-any.pkg.tar.zst	aacfe4bdf635b1ad5bd50ffe9b106f9256e5aee567aec37d4fabe142a0353419
mingw-w64-ucrt-x86_64-gettext-runtime	1.0-1	mingw-w64-ucrt-x86_64-gettext-runtime-1.0-1-any.pkg.tar.zst	ba693dda4ac375af76ce481ff3a6e7481286546cc7dc6d56c7021dae34084157
mingw-w64-ucrt-x86_64-ggml	0.26.0-1	mingw-w64-ucrt-x86_64-ggml-0.26.0-1-any.pkg.tar.zst	53a981dcca3b0f2f2124b598bce4c033467b0f2365f092300999963e2e412c82
mingw-w64-ucrt-x86_64-giflib	6.1.3-1	mingw-w64-ucrt-x86_64-giflib-6.1.3-1-any.pkg.tar.zst	9e7ac8feb0e2af6e0fce3c8ead1bd7bcaf018661d08033858c1e2657a04f6f1a
mingw-w64-ucrt-x86_64-glib2	2.90.1-1	mingw-w64-ucrt-x86_64-glib2-2.90.1-1-any.pkg.tar.zst	9a7826349279bcca0c935b01880d812be9de9609aef2205be68fd7a6128c1695
mingw-w64-ucrt-x86_64-glslang	16.3.0-1	mingw-w64-ucrt-x86_64-glslang-16.3.0-1-any.pkg.tar.zst	5a90c8ae45b42b500fa03669aa1a94d154dcd13e0bb254f86df004b903826c03
mingw-w64-ucrt-x86_64-gmp	6.3.0-2	mingw-w64-ucrt-x86_64-gmp-6.3.0-2-any.pkg.tar.zst	e82a75968a556484a50084578238a84eb60fb93e34986fd6695c537975bd39ea
mingw-w64-ucrt-x86_64-gnutls	3.8.13-3	mingw-w64-ucrt-x86_64-gnutls-3.8.13-3-any.pkg.tar.zst	303da3babd11f545fcac647439298e8559951ce6a1086666faf8ad2a1f708be6
mingw-w64-ucrt-x86_64-graphite2	1.3.15-1	mingw-w64-ucrt-x86_64-graphite2-1.3.15-1-any.pkg.tar.zst	34ca1f88bff10ef182a6b1c8e5622d5029f13b05748e361af13b552b422ea849
mingw-w64-ucrt-x86_64-grpc	1.82.0-1	mingw-w64-ucrt-x86_64-grpc-1.82.0-1-any.pkg.tar.zst	0fff744dff314ce6e2cd24c0e9fb355ea4e584e4f56738379a38162168c436ce
mingw-w64-ucrt-x86_64-gsm	1.0.24-1	mingw-w64-ucrt-x86_64-gsm-1.0.24-1-any.pkg.tar.zst	13a27cb11190c7c7c75fa9d1b227bad9044c70a2430ea87931773daca32a13b1
mingw-w64-ucrt-x86_64-harfbuzz	14.6.0-1	mingw-w64-ucrt-x86_64-harfbuzz-14.6.0-1-any.pkg.tar.zst	8781d486c864bf91f482768cc5bd7267e49331636583d9f855af3974e6378e69
mingw-w64-ucrt-x86_64-headers	14.0.0.r426.g4564ee4b5-1	mingw-w64-ucrt-x86_64-headers-14.0.0.r426.g4564ee4b5-1-any.pkg.tar.zst	b81c19e278ba0fc9f6ad0326d4aef64aea93053a6272916fb4c07069ac0215d0
mingw-w64-ucrt-x86_64-hidapi	0.15.0-1	mingw-w64-ucrt-x86_64-hidapi-0.15.0-1-any.pkg.tar.zst	3dd6308e47ea38aadb5682459c5f4328d26da0af9829a81e3dec72ce3f81b3ef
mingw-w64-ucrt-x86_64-highway	1.4.0-3	mingw-w64-ucrt-x86_64-highway-1.4.0-3-any.pkg.tar.zst	4d2ed7c528c2323e1bf05921963181412b7a33eee1cde798fdd7e613f59b2ab3
mingw-w64-ucrt-x86_64-icu	78.3-4	mingw-w64-ucrt-x86_64-icu-78.3-4-any.pkg.tar.zst	db9282bbd0a2e74c31d66af6bd89eb68d647a09f721eef4c661768588dca4324
mingw-w64-ucrt-x86_64-imath	3.2.3-3	mingw-w64-ucrt-x86_64-imath-3.2.3-3-any.pkg.tar.zst	7a2e2175d5bd126c277e1eb0a059004f8750918e7dbbd447554c7b46dca34d60
mingw-w64-ucrt-x86_64-isl	0.28-1	mingw-w64-ucrt-x86_64-isl-0.28-1-any.pkg.tar.zst	8594e01a253d5a72646c586cf5a1626c1b1c2be7c30060fe67abd9bebe3fe223
mingw-w64-ucrt-x86_64-jasper	4.2.9-3	mingw-w64-ucrt-x86_64-jasper-4.2.9-3-any.pkg.tar.zst	604a7bf18cb9fb0f0c7bb94e0c1d57d261d031f07e7e3e7afd4fbc693e83fc54
mingw-w64-ucrt-x86_64-jbigkit	2.1-6	mingw-w64-ucrt-x86_64-jbigkit-2.1-6-any.pkg.tar.zst	9e237d1041350e7436294cfa13d4bd3d1606d1f2a32ade2eb2958b4d4e79b7ad
mingw-w64-ucrt-x86_64-jsoncpp	1.9.8-1	mingw-w64-ucrt-x86_64-jsoncpp-1.9.8-1-any.pkg.tar.zst	c8bf6af2e6d7972f748f738ba8e510777437dcfd50846c378bc6e0990ce7ce2d
mingw-w64-ucrt-x86_64-lame	3.100-3	mingw-w64-ucrt-x86_64-lame-3.100-3-any.pkg.tar.zst	6bc4bf7d2f39a941a695b228818a8c846a53c43c20117e0707e08977b0dd0da9
mingw-w64-ucrt-x86_64-lcms2	2.19.1-1	mingw-w64-ucrt-x86_64-lcms2-2.19.1-1-any.pkg.tar.zst	144518cc80679f7bcc1d31b5dd7ec92e8737a1d8162014e30c8c1c181f47a156
mingw-w64-ucrt-x86_64-lerc	4.1.1-1	mingw-w64-ucrt-x86_64-lerc-4.1.1-1-any.pkg.tar.zst	c0afbf4832488d67030c6f313349cd814946c9a7bc3ae9fd54524825c9ca055d
mingw-w64-ucrt-x86_64-libarchive	3.8.9-6	mingw-w64-ucrt-x86_64-libarchive-3.8.9-6-any.pkg.tar.zst	e19e2386eabd743494db13617aafc0a1dde159074580d2e1d6a919af49bdb6c8
mingw-w64-ucrt-x86_64-libass	0.17.5-1	mingw-w64-ucrt-x86_64-libass-0.17.5-1-any.pkg.tar.zst	4385fd47a77784478878f0f03f2d9afa59a5ac71facb7cad1dfe19c555e75762
mingw-w64-ucrt-x86_64-libatomic	16.2.0-4	mingw-w64-ucrt-x86_64-libatomic-16.2.0-4-any.pkg.tar.zst	81d960422f47c9cff742aa5a6dd6c587ba39e5da64738d903730e79577479582
mingw-w64-ucrt-x86_64-libb2	0.98.1-3	mingw-w64-ucrt-x86_64-libb2-0.98.1-3-any.pkg.tar.zst	dfb554635119d3c46adb00c9d0c589bb38d1cb0781b10ecf31de07ce388bd0c0
mingw-w64-ucrt-x86_64-libbluray	1.5.0-1	mingw-w64-ucrt-x86_64-libbluray-1.5.0-1-any.pkg.tar.zst	1713a92076608db29c6d67dab95da04150d671dbdddf010ed9ee90049bd2e2ed
mingw-w64-ucrt-x86_64-libcaca	0.99.beta20-8	mingw-w64-ucrt-x86_64-libcaca-0.99.beta20-8-any.pkg.tar.zst	fd2e0dd4f64179155aee7f6ef814ad1ccf460c775713025ab896e2df4769e712
mingw-w64-ucrt-x86_64-libdatrie	0.2.14-1	mingw-w64-ucrt-x86_64-libdatrie-0.2.14-1-any.pkg.tar.zst	ea92777801ad325278193a362967540752ae37035016df2f6bcee2d89928a195
mingw-w64-ucrt-x86_64-libdeflate	1.26-1	mingw-w64-ucrt-x86_64-libdeflate-1.26-1-any.pkg.tar.zst	17720c77bd01641a3554801cafd71d96fb7fff7427f4cc20ac9f36efb8cb3da0
mingw-w64-ucrt-x86_64-libdovi	3.4.0-1	mingw-w64-ucrt-x86_64-libdovi-3.4.0-1-any.pkg.tar.zst	fd683eb03572f56db2cbdf0ffc2131bb93a21a0edbbda44862e3ef7eb98ebf00
mingw-w64-ucrt-x86_64-libexif	0.6.26-1	mingw-w64-ucrt-x86_64-libexif-0.6.26-1-any.pkg.tar.zst	b1bfcb8f983fcbf7d7078e11fa92aa3a77048e94e317a407bfc6f19c7086f741
mingw-w64-ucrt-x86_64-libffi	3.8.0-1	mingw-w64-ucrt-x86_64-libffi-3.8.0-1-any.pkg.tar.zst	99ad12f4ecfa00a889ef9c5c0188592368a5bac109d0c508ce4e04f29ea95a76
mingw-w64-ucrt-x86_64-libgcc	16.2.0-4	mingw-w64-ucrt-x86_64-libgcc-16.2.0-4-any.pkg.tar.zst	de65b4adae899d9278427402e29d03860bacba481794460f3a1d078610cbb783
mingw-w64-ucrt-x86_64-libgfortran	16.2.0-4	mingw-w64-ucrt-x86_64-libgfortran-16.2.0-4-any.pkg.tar.zst	3aaf10ab44d35fb9423cc2b544ec964da55c473b0e198ec9c81c93ed67f6c2df
mingw-w64-ucrt-x86_64-libgme	0.6.5-2	mingw-w64-ucrt-x86_64-libgme-0.6.5-2-any.pkg.tar.zst	f227b2f1beafd244a63f440677fcc6c99d2aa717f23f4443394a4b0770c4c951
mingw-w64-ucrt-x86_64-libgomp	16.2.0-4	mingw-w64-ucrt-x86_64-libgomp-16.2.0-4-any.pkg.tar.zst	f34d39ab72a0a202dc18504db82aee4ab2a7cec9bc5c10daffdb9c22d87a1f90
mingw-w64-ucrt-x86_64-libiconv	1.19-1	mingw-w64-ucrt-x86_64-libiconv-1.19-1-any.pkg.tar.zst	9a500f38c2b91808741c62fae746b3e9110b33a1ecf5c30fa0c66dbedddf7e16
mingw-w64-ucrt-x86_64-libidn2	2.3.8-4	mingw-w64-ucrt-x86_64-libidn2-2.3.8-4-any.pkg.tar.zst	d5f4b5e9d99ff7b2a986d1dc0c73da2bcd93ba68462be7b1debbd6ef76371f57
mingw-w64-ucrt-x86_64-libjpeg-turbo	3.2.0-1	mingw-w64-ucrt-x86_64-libjpeg-turbo-3.2.0-1-any.pkg.tar.zst	7c001d00df557cfee969ad43d37b9c31ae22869e8aac4091a89dc3ae6d95e11d
mingw-w64-ucrt-x86_64-libjxl	0.12.0-1	mingw-w64-ucrt-x86_64-libjxl-0.12.0-1-any.pkg.tar.zst	5d6b5df6ca54db27a8d946da0aa560d25ae99b7d879d794e45dbe4aab7f0c8d0
mingw-w64-ucrt-x86_64-liblc3	1.1.3-1	mingw-w64-ucrt-x86_64-liblc3-1.1.3-1-any.pkg.tar.zst	e97b0b2f9d7b9e5452f883e01cbad504624f4fb036fe889ddd3ba6cec254c5aa
mingw-w64-ucrt-x86_64-libmng	2.0.3-7	mingw-w64-ucrt-x86_64-libmng-2.0.3-7-any.pkg.tar.zst	140a618c256624d86d01207e769e44bce5cfe6150492ae04bf4e3e9e258499c8
mingw-w64-ucrt-x86_64-libmodplug	0.8.9.0-5	mingw-w64-ucrt-x86_64-libmodplug-0.8.9.0-5-any.pkg.tar.zst	7bac0ddfde760dbcee6e07ea0e8b32cd560f53deec11edfa5391337ccc6158b5
mingw-w64-ucrt-x86_64-libmysofa	1.3.5-1	mingw-w64-ucrt-x86_64-libmysofa-1.3.5-1-any.pkg.tar.zst	ff8ff472d14376194fcf57d51adb56033c30d6d0b81824e193b03b8a4b105bdd
mingw-w64-ucrt-x86_64-libogg	1.3.6-1	mingw-w64-ucrt-x86_64-libogg-1.3.6-1-any.pkg.tar.zst	110a34239e8f122da15e041b2601e2f3c6d4c909d738bdf978700601e0f64449
mingw-w64-ucrt-x86_64-libplacebo	7.360.1-2	mingw-w64-ucrt-x86_64-libplacebo-7.360.1-2-any.pkg.tar.zst	ef183923c29475320d75a3b06fff5729172fcfdcefc45b660ed28c41107d4de4
mingw-w64-ucrt-x86_64-libpng	1.6.59-1	mingw-w64-ucrt-x86_64-libpng-1.6.59-1-any.pkg.tar.zst	7f8448e06eceba8f8ce130390addea49f767bdf8f6b7e7eede8ca6d595e3d3a8
mingw-w64-ucrt-x86_64-libpsl	0.21.5-3	mingw-w64-ucrt-x86_64-libpsl-0.21.5-3-any.pkg.tar.zst	d96e0bb50ac3f8b6e44a39ea8de8d186f7b08f6938b0676eb69a7ba1f127bcf4
mingw-w64-ucrt-x86_64-libquadmath	16.2.0-4	mingw-w64-ucrt-x86_64-libquadmath-16.2.0-4-any.pkg.tar.zst	75960aa837a7fc6dc8313afb11014bf7f42548ab6067498d0b561cc3c490b5b2
mingw-w64-ucrt-x86_64-librsvg	2.63.2-1	mingw-w64-ucrt-x86_64-librsvg-2.63.2-1-any.pkg.tar.zst	db49a2db1eca05f078c609c31a008d52264932ef985f2cce8b8921cb708dcbb9
mingw-w64-ucrt-x86_64-libsamplerate	0.2.2-1	mingw-w64-ucrt-x86_64-libsamplerate-0.2.2-1-any.pkg.tar.zst	05a678fb77cc8787e4073907b36357dd985fe06788adc8cc3216a851ee243bf8
mingw-w64-ucrt-x86_64-libsoxr	0.1.3-5	mingw-w64-ucrt-x86_64-libsoxr-0.1.3-5-any.pkg.tar.zst	431eefaf8fb5ab8f74b471d44596e5371a1697bffd1df50ecddb74ccda72708a
mingw-w64-ucrt-x86_64-libssh	0.12.2-1	mingw-w64-ucrt-x86_64-libssh-0.12.2-1-any.pkg.tar.zst	1be494f5fad8bf1210a1eeaccdd07d3e8319f4d13cd79a9302ae196fcc96da8b
mingw-w64-ucrt-x86_64-libssh2	1.11.1-2	mingw-w64-ucrt-x86_64-libssh2-1.11.1-2-any.pkg.tar.zst	0e91316dfa4979dcabbfa9e71528ec9882ece619ce549cb25312089b4754fa65
mingw-w64-ucrt-x86_64-libstdc++	16.2.0-4	mingw-w64-ucrt-x86_64-libstdc++-16.2.0-4-any.pkg.tar.zst	2211dbbf1220287e49f5d66bb6cb09ee5a157901a485197553c9a940cc902d5b
mingw-w64-ucrt-x86_64-libsystre	1.0.2-3	mingw-w64-ucrt-x86_64-libsystre-1.0.2-3-any.pkg.tar.zst	62f564b1395d4862db1599b77f6588c32de5c80936845751cf369b31eee1560b
mingw-w64-ucrt-x86_64-libtasn1	4.21.0-1	mingw-w64-ucrt-x86_64-libtasn1-4.21.0-1-any.pkg.tar.zst	d098b27834c3b25142b6f5aa9a0ca5731a8e4334c232786406cb149dd8bde2ba
mingw-w64-ucrt-x86_64-libthai	0.1.30-1	mingw-w64-ucrt-x86_64-libthai-0.1.30-1-any.pkg.tar.zst	c90ebbca3e7b4c34f4b3ffa501ba8d00cdaf6340cff7db3c46d79d5e01ef207c
mingw-w64-ucrt-x86_64-libtheora	1.2.0-1	mingw-w64-ucrt-x86_64-libtheora-1.2.0-1-any.pkg.tar.zst	7c5d7caadc7da0b293ccb3eb8ed9d00f335fd62527a16cfd2a4fddca43d8de11
mingw-w64-ucrt-x86_64-libtiff	4.7.2-1	mingw-w64-ucrt-x86_64-libtiff-4.7.2-1-any.pkg.tar.zst	76904b28133fc3cc0a0e518846c98d3d2166fac70ed9c6184dfe5ef145e5f279
mingw-w64-ucrt-x86_64-libtre	0.9.0-2	mingw-w64-ucrt-x86_64-libtre-0.9.0-2-any.pkg.tar.zst	d50f22545c50d7c0cd584474bba83f0c7a2cd8aab1aed1ad6c1f9c6452f3c4fc
mingw-w64-ucrt-x86_64-libunibreak	7.0-1	mingw-w64-ucrt-x86_64-libunibreak-7.0-1-any.pkg.tar.zst	de657828b41248a2fd67fa6e8348402a61ef130b0444f1f006c6545c43ad86d8
mingw-w64-ucrt-x86_64-libunistring	1.4.2-1	mingw-w64-ucrt-x86_64-libunistring-1.4.2-1-any.pkg.tar.zst	e784273da19bbdcc91cbb510b5e27c3ac021b026140734eefcce5ccbd878bd97
mingw-w64-ucrt-x86_64-libusb	1.0.30-1	mingw-w64-ucrt-x86_64-libusb-1.0.30-1-any.pkg.tar.zst	20106e6ff31b4581bb111b28a68b6b79a50dc3e5fc3033944e1c4b3ff8cd812e
mingw-w64-ucrt-x86_64-libuv	1.53.0-1	mingw-w64-ucrt-x86_64-libuv-1.53.0-1-any.pkg.tar.zst	5a89b3afb8ce3a2a6e64704f7fe2ffbf57e1fc88d6033b8dae09a4c74328bcbb
mingw-w64-ucrt-x86_64-libva	2.24.1-1	mingw-w64-ucrt-x86_64-libva-2.24.1-1-any.pkg.tar.zst	bd3c2aabe37534f17aaa11a5d846034b56b6890767abcbfb2e8c3fd9153a1a6f
mingw-w64-ucrt-x86_64-libvorbis	1.3.7-3	mingw-w64-ucrt-x86_64-libvorbis-1.3.7-3-any.pkg.tar.zst	d013d2c7489b175299f9ea8bd9b70cf456337943b0f13e6eb470beb6c3fc251f
mingw-w64-ucrt-x86_64-libvpl	2.17.0-1	mingw-w64-ucrt-x86_64-libvpl-2.17.0-1-any.pkg.tar.zst	ae9c80f22fa62e533fbef09d4650e1152588e905b9a42b8f7ae4a2c12c27ae77
mingw-w64-ucrt-x86_64-libvpx	1.17.0-1	mingw-w64-ucrt-x86_64-libvpx-1.17.0-1-any.pkg.tar.zst	8ff6919dbb88ea26ce28d22fd81d6f0d6e200cf56a4dd81ffc2d33124fe98024
mingw-w64-ucrt-x86_64-libwebp	1.6.0-1	mingw-w64-ucrt-x86_64-libwebp-1.6.0-1-any.pkg.tar.zst	34ff8396c403d484c8777ad49ad0fc06dfb94fadf6f14bcf84d50c45bc6fd17e
mingw-w64-ucrt-x86_64-libwinpthread	14.0.0.r426.g4564ee4b5-1	mingw-w64-ucrt-x86_64-libwinpthread-14.0.0.r426.g4564ee4b5-1-any.pkg.tar.zst	f8de8153bbc0e47ba244a423c12c426fa1d9f56395117ecaa34c6ad6ebed6ca3
mingw-w64-ucrt-x86_64-libx264	0.165.r3222.b35605a-3	mingw-w64-ucrt-x86_64-libx264-0.165.r3222.b35605a-3-any.pkg.tar.zst	10d3817153fc05832643ebc5da9aec940b4ae2d9dadb6643ac3c282985880434
mingw-w64-ucrt-x86_64-libxml2	2.15.4-1	mingw-w64-ucrt-x86_64-libxml2-2.15.4-1-any.pkg.tar.zst	ea6b8e7ee24d8674e719f1f0a1b3747a72158ab786dfc5392ccb9f8edd09582a
mingw-w64-ucrt-x86_64-llama.cpp	1~0.6.0-1	mingw-w64-ucrt-x86_64-llama.cpp-1~0.6.0-1-any.pkg.tar.zst	4737aa90041be7870b7006710d4136bb7d20654f43845fc52baca51b7854c995
mingw-w64-ucrt-x86_64-lz4	1.10.0-1	mingw-w64-ucrt-x86_64-lz4-1.10.0-1-any.pkg.tar.zst	00a807df81a4b7e82445178b8625962ed592cf1f0a08a8e04c8b9338c4362638
mingw-w64-ucrt-x86_64-lzo2	2.10-3	mingw-w64-ucrt-x86_64-lzo2-2.10-3-any.pkg.tar.zst	717c8065996bea51543518a0d3ab46837bf9a990c41886348bd2fa9484ea23f3
mingw-w64-ucrt-x86_64-md4c	0.6.0-1	mingw-w64-ucrt-x86_64-md4c-0.6.0-1-any.pkg.tar.zst	a8e5aa7b84ba26047dad56301e821fb4efbed4ced9fce83cd86377a175172476
mingw-w64-ucrt-x86_64-minizip	1.3.1-1	mingw-w64-ucrt-x86_64-minizip-1.3.1-1-any.pkg.tar.zst	ca2b4cc60b9e237a6e6a1e90bbf8733ea0a3c17ff8c9a451dd62d50d9cb4439c
mingw-w64-ucrt-x86_64-mpc	1.4.1-1	mingw-w64-ucrt-x86_64-mpc-1.4.1-1-any.pkg.tar.zst	f06556e811c711ce91609484e31d358e4f495811ba29813bf2284a3b236d82ce
mingw-w64-ucrt-x86_64-mpdecimal	4.0.1-3	mingw-w64-ucrt-x86_64-mpdecimal-4.0.1-3-any.pkg.tar.zst	abf25c3869ba5e5bc3b69fdeb6cd49b060fc1a64d0d2de10918adeae9630a68d
mingw-w64-ucrt-x86_64-mpfr	4.2.2-3	mingw-w64-ucrt-x86_64-mpfr-4.2.2-3-any.pkg.tar.zst	6b70a275d2ec75c70aa50a236c218e6b7ee9a5ab4c6d52cb0b580267b7d200fe
mingw-w64-ucrt-x86_64-nasm	3.02-1	mingw-w64-ucrt-x86_64-nasm-3.02-1-any.pkg.tar.zst	e60cf678bedee3d6c9a9264f8dec5897520e5ff7e3ae80c2b90b2628c5f51d58
mingw-w64-ucrt-x86_64-ncurses	6.6-4	mingw-w64-ucrt-x86_64-ncurses-6.6-4-any.pkg.tar.zst	88331fe78470ef2c5e0280652fee5e10b6dcaa35f8037725c359407f2702309c
mingw-w64-ucrt-x86_64-nettle	4.0-1	mingw-w64-ucrt-x86_64-nettle-4.0-1-any.pkg.tar.zst	47b49f1723ef2c75ff3042b6e463910c47cdffa3342e175b6409fb9d630e64ed
mingw-w64-ucrt-x86_64-nghttp2	1.70.0-1	mingw-w64-ucrt-x86_64-nghttp2-1.70.0-1-any.pkg.tar.zst	39baf792ff3855c1d656514eaef648fab20de80614517fc15f57a57fa103cc20
mingw-w64-ucrt-x86_64-nghttp3	1.18.0-1	mingw-w64-ucrt-x86_64-nghttp3-1.18.0-1-any.pkg.tar.zst	06e51ea288e5fdd511c753038979772ec22ec71504dac61f912c63a6e586ba80
mingw-w64-ucrt-x86_64-ngtcp2	1.25.0-1	mingw-w64-ucrt-x86_64-ngtcp2-1.25.0-1-any.pkg.tar.zst	cce230d80a05cd0a1ec38fa5d76c0445c9bb725c65c2136be3d23e6dc218a89e
mingw-w64-ucrt-x86_64-ninja	1.13.2-1	mingw-w64-ucrt-x86_64-ninja-1.13.2-1-any.pkg.tar.zst	514685563a84a6ebddbbeee7bbafae5f3994e363c49364fc4507fabcaa049f2b
mingw-w64-ucrt-x86_64-openal	1.25.2-1	mingw-w64-ucrt-x86_64-openal-1.25.2-1-any.pkg.tar.zst	fc08e781610b08503b17fbb60c24a64a801938b4a28ba6838164b6e9fe2db0e3
mingw-w64-ucrt-x86_64-openblas	0.3.34-1	mingw-w64-ucrt-x86_64-openblas-0.3.34-1-any.pkg.tar.zst	d9e14c9440d9aa70b6d09cdf0b8117995d181ced9c3d233ad7b62a907982add5
mingw-w64-ucrt-x86_64-opencl-icd	2026.05.29-1	mingw-w64-ucrt-x86_64-opencl-icd-2026.05.29-1-any.pkg.tar.zst	4e0dab8d5cc3da24edb716d78b013c1a36fc111b06f0f286a949218665d71a98
mingw-w64-ucrt-x86_64-opencore-amr	0.1.6-1	mingw-w64-ucrt-x86_64-opencore-amr-0.1.6-1-any.pkg.tar.zst	65c6b5a2795ff12fd1839fa52b59785210ca1c2154fcbb73d7ea39767ea11fc4
mingw-w64-ucrt-x86_64-openexr	3.4.16-1	mingw-w64-ucrt-x86_64-openexr-3.4.16-1-any.pkg.tar.zst	eb061392de0df52dcf6ecb52e3314737ac12ee439f9e61d1dc7b94de78a1a944
mingw-w64-ucrt-x86_64-openjpeg2	2.5.4-2	mingw-w64-ucrt-x86_64-openjpeg2-2.5.4-2-any.pkg.tar.zst	2a4c148052b6f8e47abe5e98b29fd8942e2e3c17722ff00f172b1630897a10b9
mingw-w64-ucrt-x86_64-openjph	0.32.0-1	mingw-w64-ucrt-x86_64-openjph-0.32.0-1-any.pkg.tar.zst	5ef96678170cf69ebb553723cf9209e61ce21f85b7afe084da7797d686e98b5c
mingw-w64-ucrt-x86_64-openssl	3.6.5-1	mingw-w64-ucrt-x86_64-openssl-3.6.5-1-any.pkg.tar.zst	773e021ebad83f14b5c103db467411e8ff064663e1c7e7f730e2be72f4117064
mingw-w64-ucrt-x86_64-opus	1.6.1-1	mingw-w64-ucrt-x86_64-opus-1.6.1-1-any.pkg.tar.zst	7b8f176f9cc0431b52006861c0a2e083d73d4b47a73ab749755b5379ff673252
mingw-w64-ucrt-x86_64-p11-kit	0.26.5-1	mingw-w64-ucrt-x86_64-p11-kit-0.26.5-1-any.pkg.tar.zst	6e1645f0afa669f3e3325abb891d79c58dacf0bb5f9bb1ea719d22da1d754e62
mingw-w64-ucrt-x86_64-pango	1.58.2-1	mingw-w64-ucrt-x86_64-pango-1.58.2-1-any.pkg.tar.zst	8d86e4a018ff139b010bf357fa1c9f9030fa32ee195c54ed7e89d8ea701851c8
mingw-w64-ucrt-x86_64-pcre2	10.49-1	mingw-w64-ucrt-x86_64-pcre2-10.49-1-any.pkg.tar.zst	63172179db724ac71e2439a7981134c1bcab8049bdddfd349b32b8f76ed52d1e
mingw-w64-ucrt-x86_64-pixman	0.46.4-3	mingw-w64-ucrt-x86_64-pixman-0.46.4-3-any.pkg.tar.zst	4c01b986563d2b5f7ad6fcec2d0ec9915d2f242ddac5eacddc19971964241cc5
mingw-w64-ucrt-x86_64-pkgconf	1~3.0.7-2	mingw-w64-ucrt-x86_64-pkgconf-1~3.0.7-2-any.pkg.tar.zst	754ceb500a1289dc78bfd45e26e2098414d1dccf817abdc4b9537693f8595ac0
mingw-w64-ucrt-x86_64-protobuf	36.2-1	mingw-w64-ucrt-x86_64-protobuf-36.2-1-any.pkg.tar.zst	39446eb547ad14187dc6f126ea978ec49c9648db340e14c244da033a030502eb
mingw-w64-ucrt-x86_64-python	3.14.8-1	mingw-w64-ucrt-x86_64-python-3.14.8-1-any.pkg.tar.zst	d6542336430039a7cb75f107b713332887665a26a0c9c51e82d8d772c7770b5e
mingw-w64-ucrt-x86_64-python-packaging	26.3-1	mingw-w64-ucrt-x86_64-python-packaging-26.3-1-any.pkg.tar.zst	b90d1451cfbf015a5334409bd9edf9c61bc0f7b78cac19400b0f92c9279fbaa7
mingw-w64-ucrt-x86_64-qt6-3d	6.11.2-1	mingw-w64-ucrt-x86_64-qt6-3d-6.11.2-1-any.pkg.tar.zst	f434a638164c1982dbe5684f17335f81ab4190d7b5f441a6ae7552d0a70ce76a
mingw-w64-ucrt-x86_64-qt6-5compat	6.11.2-1	mingw-w64-ucrt-x86_64-qt6-5compat-6.11.2-1-any.pkg.tar.zst	31346eb1a6238f42d1ec11dacc8981f002625e89607314ea07ee2d6bf594f7b8
mingw-w64-ucrt-x86_64-qt6-activeqt	6.11.2-1	mingw-w64-ucrt-x86_64-qt6-activeqt-6.11.2-1-any.pkg.tar.zst	ce96cdba1201504e2532284dc0291531f93c7f0ab711ba7e64aae99317870970
mingw-w64-ucrt-x86_64-qt6-base	6.11.2-2	mingw-w64-ucrt-x86_64-qt6-base-6.11.2-2-any.pkg.tar.zst	ccc98698391f78419de72640175508a68b7ba9e25a43a54e01a05b51079ad6a2
mingw-w64-ucrt-x86_64-qt6-charts	6.11.2-1	mingw-w64-ucrt-x86_64-qt6-charts-6.11.2-1-any.pkg.tar.zst	844abff5d65af4188d669ea5c3f8f2354265c21dc883d099baf76a35ebc27014
mingw-w64-ucrt-x86_64-qt6-connectivity	6.11.2-1	mingw-w64-ucrt-x86_64-qt6-connectivity-6.11.2-1-any.pkg.tar.zst	6fbd244d620d0ced6c36e49b3c5c232f2d81f1d6924125dcc57f5be6fffe1a9c
mingw-w64-ucrt-x86_64-qt6-datavis3d	6.11.2-1	mingw-w64-ucrt-x86_64-qt6-datavis3d-6.11.2-1-any.pkg.tar.zst	6aa1e712aed1ce97ff945441f8eba3fd31668717d56b574e6a3f9b54ae80b151
mingw-w64-ucrt-x86_64-qt6-declarative	6.11.2-1	mingw-w64-ucrt-x86_64-qt6-declarative-6.11.2-1-any.pkg.tar.zst	e6f303088cf9c33c45404c3c7331fd40c785248ae5eba1fbd97d4b6daf506335
mingw-w64-ucrt-x86_64-qt6-doc	6.11.2-1	mingw-w64-ucrt-x86_64-qt6-doc-6.11.2-1-any.pkg.tar.zst	9607e872cb459b6d427f4f7daea45c263f5da9c4be29b9617d8b4e72c2817165
mingw-w64-ucrt-x86_64-qt6-graphs	6.11.2-1	mingw-w64-ucrt-x86_64-qt6-graphs-6.11.2-1-any.pkg.tar.zst	ab7617a03ea5865271a3081dee865f7db26391f7481beba481d06803a1bb0504
mingw-w64-ucrt-x86_64-qt6-grpc	6.11.2-1	mingw-w64-ucrt-x86_64-qt6-grpc-6.11.2-1-any.pkg.tar.zst	4ef51d19b304c61c0a332fa4e116b6e351a2f44ac4205756bdcd6b0d9773674e
mingw-w64-ucrt-x86_64-qt6-httpserver	6.11.2-1	mingw-w64-ucrt-x86_64-qt6-httpserver-6.11.2-1-any.pkg.tar.zst	03923c3b3dc22b11bc718054b95004ebaffd66994d91f9d2b2c7e8a0d0b50af0
mingw-w64-ucrt-x86_64-qt6-imageformats	6.11.2-1	mingw-w64-ucrt-x86_64-qt6-imageformats-6.11.2-1-any.pkg.tar.zst	157b286ff5e0d30c130e636be9a7c80c3a3eb2b8922fa765ae7e4f886718f762
mingw-w64-ucrt-x86_64-qt6-languageserver	6.11.2-1	mingw-w64-ucrt-x86_64-qt6-languageserver-6.11.2-1-any.pkg.tar.zst	62f082d7f6dfb503d2c421bd4f7fbe7b4a73103e1d7bca2b4ea3e5d1ae87e83b
mingw-w64-ucrt-x86_64-qt6-location	6.11.2-1	mingw-w64-ucrt-x86_64-qt6-location-6.11.2-1-any.pkg.tar.zst	a0bd3b9fe66935da8a8bd0f05d946ae01a779596f20c0a4d4ce84ba95a0b0864
mingw-w64-ucrt-x86_64-qt6-lottie	6.11.2-1	mingw-w64-ucrt-x86_64-qt6-lottie-6.11.2-1-any.pkg.tar.zst	6ccd5d71865cb7c68f04ab1652879f8b5e60602b8ad7875691075b5a8aa5994f
mingw-w64-ucrt-x86_64-qt6-mqtt	6.11.2-1	mingw-w64-ucrt-x86_64-qt6-mqtt-6.11.2-1-any.pkg.tar.zst	5dfd7b3a19a2cfb5fa36d115b3d0b2d38c01bc75e6549f8035bb60e44cd281db
mingw-w64-ucrt-x86_64-qt6-multimedia	6.11.2-1	mingw-w64-ucrt-x86_64-qt6-multimedia-6.11.2-1-any.pkg.tar.zst	486937a67b998b0ae0c7a825ead82e1b43c791355c8eb500daf9746593bba9b1
mingw-w64-ucrt-x86_64-qt6-multimedia-ffmpeg	6.11.2-1	mingw-w64-ucrt-x86_64-qt6-multimedia-ffmpeg-6.11.2-1-any.pkg.tar.zst	88b299a18a2e4f00fc11a4eb548c27c365e19196108bc6dc633fc326e1887147
mingw-w64-ucrt-x86_64-qt6-networkauth	6.11.2-1	mingw-w64-ucrt-x86_64-qt6-networkauth-6.11.2-1-any.pkg.tar.zst	de8d9f63d28c1ccc544426d57ad5811e92682e902977cae6efa5e534139d4fa7
mingw-w64-ucrt-x86_64-qt6-pdf	6.11.2-1	mingw-w64-ucrt-x86_64-qt6-pdf-6.11.2-1-any.pkg.tar.zst	717e139d79511423c538e60254bc52595c1c347a2735ccab29c0d852b8ddea0a
mingw-w64-ucrt-x86_64-qt6-positioning	6.11.2-1	mingw-w64-ucrt-x86_64-qt6-positioning-6.11.2-1-any.pkg.tar.zst	9b63d39a40572f857eab9c1e9de15dc04a072f37c74afdecaa03472970c3689f
mingw-w64-ucrt-x86_64-qt6-quick3d	6.11.2-1	mingw-w64-ucrt-x86_64-qt6-quick3d-6.11.2-1-any.pkg.tar.zst	6d05f2c44045ad84a6d30bc8b5111e3cc332bc5bb47934ee1381d99aaefe7790
mingw-w64-ucrt-x86_64-qt6-quick3dphysics	6.11.2-1	mingw-w64-ucrt-x86_64-qt6-quick3dphysics-6.11.2-1-any.pkg.tar.zst	d14fe6fd2ddc37bcd9b5ab62ae708f2bafc69657377d5fbb2decb5f0d8891df5
mingw-w64-ucrt-x86_64-qt6-quickeffectmaker	6.11.2-1	mingw-w64-ucrt-x86_64-qt6-quickeffectmaker-6.11.2-1-any.pkg.tar.zst	0d6f74b843e523d488407487d3434b963d328297758614a3475d8539d9f70970
mingw-w64-ucrt-x86_64-qt6-quicktimeline	6.11.2-1	mingw-w64-ucrt-x86_64-qt6-quicktimeline-6.11.2-1-any.pkg.tar.zst	44094942d4f90a41073392f21b7e9f829fba1243bcb54a6404872a72a884b1d3
mingw-w64-ucrt-x86_64-qt6-remoteobjects	6.11.2-1	mingw-w64-ucrt-x86_64-qt6-remoteobjects-6.11.2-1-any.pkg.tar.zst	23098b72512a31c6062056b1f34004d575aa2dc113398e9f18e13ce48220e341
mingw-w64-ucrt-x86_64-qt6-scxml	6.11.2-1	mingw-w64-ucrt-x86_64-qt6-scxml-6.11.2-1-any.pkg.tar.zst	b64e1eec9c97b82f0f8486104f448aeed9bcdf6e37d1c5d6e5b2e0d62b11d2e3
mingw-w64-ucrt-x86_64-qt6-sensors	6.11.2-1	mingw-w64-ucrt-x86_64-qt6-sensors-6.11.2-1-any.pkg.tar.zst	70116262d68e2e43fb2bda7d0fab83663edd4313f8626dc7650983b8d3fcefbb
mingw-w64-ucrt-x86_64-qt6-serialbus	6.11.2-1	mingw-w64-ucrt-x86_64-qt6-serialbus-6.11.2-1-any.pkg.tar.zst	99eb2d8c0c286d61174c6d64fe1a024b1fcc2ee899ab4a2c682552cb03f87101
mingw-w64-ucrt-x86_64-qt6-serialport	6.11.2-1	mingw-w64-ucrt-x86_64-qt6-serialport-6.11.2-1-any.pkg.tar.zst	634f1637ca4226c7f26011106f2750891ac936b1b5ce212f0ac51980079682b3
mingw-w64-ucrt-x86_64-qt6-shadertools	6.11.2-1	mingw-w64-ucrt-x86_64-qt6-shadertools-6.11.2-1-any.pkg.tar.zst	7e8cfdd3de21800217fd32d63b4820261bdfa37217ace6de549a490619c1c72e
mingw-w64-ucrt-x86_64-qt6-speech	6.11.2-1	mingw-w64-ucrt-x86_64-qt6-speech-6.11.2-1-any.pkg.tar.zst	bce41f0c01b1429d72aacfd362537b1971360d164e94c224df94a6c74d18d8fc
mingw-w64-ucrt-x86_64-qt6-svg	6.11.2-1	mingw-w64-ucrt-x86_64-qt6-svg-6.11.2-1-any.pkg.tar.zst	964fee6a84ed92b474e345f1dfe8269b2f600eb62e5a7fc353be214a5b4c3996
mingw-w64-ucrt-x86_64-qt6-tools	6.11.2-1	mingw-w64-ucrt-x86_64-qt6-tools-6.11.2-1-any.pkg.tar.zst	b927a1b0d7a06fa5f5c39c9869434293d06cf58fa18b1ac2320202f9582c48fe
mingw-w64-ucrt-x86_64-qt6-translations	6.11.2-1	mingw-w64-ucrt-x86_64-qt6-translations-6.11.2-1-any.pkg.tar.zst	1cf7d6e87ced4f80704e998b163d1127d3d2159406949d70fa609f041f5d8462
mingw-w64-ucrt-x86_64-qt6-virtualkeyboard	6.11.2-1	mingw-w64-ucrt-x86_64-qt6-virtualkeyboard-6.11.2-1-any.pkg.tar.zst	6fcbf47b96b1e6445a795c08ac93e2138075f71c51962d98801cdaa3c86b3d4b
mingw-w64-ucrt-x86_64-qt6-webchannel	6.11.2-1	mingw-w64-ucrt-x86_64-qt6-webchannel-6.11.2-1-any.pkg.tar.zst	2ad515578ea613eac81086f97640efe58ad8aeb01137787e17e669d6c6709748
mingw-w64-ucrt-x86_64-qt6-websockets	6.11.2-1	mingw-w64-ucrt-x86_64-qt6-websockets-6.11.2-1-any.pkg.tar.zst	ea6d843aea76a191de087d96ef33d75109d616c5c00b04a7a3b23f2d6264ab3f
mingw-w64-ucrt-x86_64-qt6-webview	6.11.2-1	mingw-w64-ucrt-x86_64-qt6-webview-6.11.2-1-any.pkg.tar.zst	bb5cdc14296145e36345c6426f6c2144a3e5646d0d6d89bfd0b6459c0c69973e
mingw-w64-ucrt-x86_64-rav1e	0.8.1-1	mingw-w64-ucrt-x86_64-rav1e-0.8.1-1-any.pkg.tar.zst	00a03a734f96f66405ad79bae2ffb1c5cf2b050ef90a4ffa508ddbfdb64c0fb1
mingw-w64-ucrt-x86_64-re2	20251105-3	mingw-w64-ucrt-x86_64-re2-20251105-3-any.pkg.tar.zst	42b02745d0725a58a0bd442ebc7bf82b28b42257e28c5459bd02ee80b2a2fa92
mingw-w64-ucrt-x86_64-rhash	1.4.6-1	mingw-w64-ucrt-x86_64-rhash-1.4.6-1-any.pkg.tar.zst	56f4a05b85f066795f2c8d6a4d822bf4b25a8dbf9f4c5b1bb2f7e10f812ad73e
mingw-w64-ucrt-x86_64-rtmpdump	2.6-2	mingw-w64-ucrt-x86_64-rtmpdump-2.6-2-any.pkg.tar.zst	a62df12a96f6a7c5945bd2e3c437af6c04503475e897d437e772ff153fe4acba
mingw-w64-ucrt-x86_64-sdl3	3.4.18-1	mingw-w64-ucrt-x86_64-sdl3-3.4.18-1-any.pkg.tar.zst	f9f8e2fe9858868e7653b24c973bcc8c19dea1096afc8c905bf1cd1a87960442
mingw-w64-ucrt-x86_64-shaderc	2026.4-1	mingw-w64-ucrt-x86_64-shaderc-2026.4-1-any.pkg.tar.zst	a4ad271f76acd2307ed67738770b30d6486bd3c7acff63ba83dd13e56ce9ab82
mingw-w64-ucrt-x86_64-speex	1.2.1-1	mingw-w64-ucrt-x86_64-speex-1.2.1-1-any.pkg.tar.zst	bed78c12555879a6463a6585b01fea72746143c0e98d7015ae99b8e9bb8daba4
mingw-w64-ucrt-x86_64-speexdsp	1.2.1-1	mingw-w64-ucrt-x86_64-speexdsp-1.2.1-1-any.pkg.tar.zst	0e6997193ba7be890e2ccc80a3cfa8a7a46af53e76a8b355d474a0bb59d260e4
mingw-w64-ucrt-x86_64-spirv-cross	1~1.4.363.0-1	mingw-w64-ucrt-x86_64-spirv-cross-1~1.4.363.0-1-any.pkg.tar.zst	246759d1a8391c67a4180ad4d103a78219182ef7057d70469394fa6c40851187
mingw-w64-ucrt-x86_64-spirv-tools	3~1.4.363.0-1	mingw-w64-ucrt-x86_64-spirv-tools-3~1.4.363.0-1-any.pkg.tar.zst	d31d67fe918aeee21d1e930fd96360856a60146d23094e4ae8baf071a4049aaa
mingw-w64-ucrt-x86_64-sqlite3	3.53.4-1	mingw-w64-ucrt-x86_64-sqlite3-3.53.4-1-any.pkg.tar.zst	a8f904acb136634b4f708e8a0f9f301f76a3c42eea387a51300af961d0066051
mingw-w64-ucrt-x86_64-srt	1.5.7-1	mingw-w64-ucrt-x86_64-srt-1.5.7-1-any.pkg.tar.zst	f68cd966e8e7cba30a7884accc280fee82d508bddb0544f3c88f69872b783076
mingw-w64-ucrt-x86_64-svt-av1	4.2.0-1	mingw-w64-ucrt-x86_64-svt-av1-4.2.0-1-any.pkg.tar.zst	87c97a68bab7dd67413ea0cae024c3d2e4bdc2f96fccf38365304642b1b44ee5
mingw-w64-ucrt-x86_64-tcl	8.6.18-1	mingw-w64-ucrt-x86_64-tcl-8.6.18-1-any.pkg.tar.zst	0c3a50ea5be8c5190e58a1fdc46c09f8113ad1b855745875646b7a78a02215df
mingw-w64-ucrt-x86_64-tk	8.6.18-1	mingw-w64-ucrt-x86_64-tk-8.6.18-1-any.pkg.tar.zst	bfa011886032962833ddc93ae9b508798ec56625b9093cc6d0ff5c95507c79c6
mingw-w64-ucrt-x86_64-tzdata	2026e-1	mingw-w64-ucrt-x86_64-tzdata-2026e-1-any.pkg.tar.zst	f1809089f8ed5cec858ae8584289172896eb921be1e78ba583555f74e9015428
mingw-w64-ucrt-x86_64-vid.stab	1.1.2-1	mingw-w64-ucrt-x86_64-vid.stab-1.1.2-1-any.pkg.tar.zst	fc41ab627a97fe11dd53ccfd3feea9e0cd859f59c11aec929d13d1f84393ed06
mingw-w64-ucrt-x86_64-vulkan-headers	1~1.4.363.0-1	mingw-w64-ucrt-x86_64-vulkan-headers-1~1.4.363.0-1-any.pkg.tar.zst	be602b2657cace531316e78b1eda4087e8f7f84ebb877f08fba198a2db06406a
mingw-w64-ucrt-x86_64-vulkan-loader	1~1.4.363.0-1	mingw-w64-ucrt-x86_64-vulkan-loader-1~1.4.363.0-1-any.pkg.tar.zst	065076fe13d39ab97eea4740596426d5ae741b5044e48e1c9495d04835c92dbe
mingw-w64-ucrt-x86_64-whisper.cpp	1~1.9.4.r183.g60c0be6ac-1	mingw-w64-ucrt-x86_64-whisper.cpp-1~1.9.4.r183.g60c0be6ac-1-any.pkg.tar.zst	66bc6d0bfffdd72a0e91205739da671474ed886ce0099f5ec134e97c8b65b29d
mingw-w64-ucrt-x86_64-windows-default-manifest	20260815-1	mingw-w64-ucrt-x86_64-windows-default-manifest-20260815-1-any.pkg.tar.zst	b39039f754a600cc0dec49df7d675a59a3cb2b63691d91b4ae60735ee7075eca
mingw-w64-ucrt-x86_64-wineditline	2.208-1	mingw-w64-ucrt-x86_64-wineditline-2.208-1-any.pkg.tar.zst	b07b34de1669e16cfd6743691914f5a66ad4013500bbf0e4c7a7644046ae7b1c
mingw-w64-ucrt-x86_64-winpthreads	14.0.0.r426.g4564ee4b5-1	mingw-w64-ucrt-x86_64-winpthreads-14.0.0.r426.g4564ee4b5-1-any.pkg.tar.zst	c24b627938c592666c7c2f73cc83be29c552f935f6c6cc25b86b20959629bfee
mingw-w64-ucrt-x86_64-x265	4.3-1	mingw-w64-ucrt-x86_64-x265-4.3-1-any.pkg.tar.zst	40dd235ba4294266ecad0eec661fae7db25dfe9df2ee9a7c3e07b0d079ae2034
mingw-w64-ucrt-x86_64-xvidcore	1.3.7-5	mingw-w64-ucrt-x86_64-xvidcore-1.3.7-5-any.pkg.tar.zst	4aa825b97f073dafc328e0c1f6e7d2574b42dc0c0e91eb71f908ded6926a1284
mingw-w64-ucrt-x86_64-xz	5.8.4-1	mingw-w64-ucrt-x86_64-xz-5.8.4-1-any.pkg.tar.zst	a9d771f816d8c0c5bde152ffb27a687ede91079b8e77e5b8297efa3b5a835934
mingw-w64-ucrt-x86_64-zimg	3.0.6-3	mingw-w64-ucrt-x86_64-zimg-3.0.6-3-any.pkg.tar.zst	add647f0b898696b7369098a0779e6df4499de20080b6888ada565ac987cef26
mingw-w64-ucrt-x86_64-zlib	1.3.2-2	mingw-w64-ucrt-x86_64-zlib-1.3.2-2-any.pkg.tar.zst	841401182976d2f9e17e5c0ebaac51f2a8014140ea53d67625e91c8fb3c85ea0
mingw-w64-ucrt-x86_64-zstd	1.5.7-2	mingw-w64-ucrt-x86_64-zstd-1.5.7-2-any.pkg.tar.zst	dbdb8427280046a2b41697780aa4c52983b708082b0da4755951dc3bea96ca89
mingw-w64-ucrt-x86_64-zvbi	0.2.45-1	mingw-w64-ucrt-x86_64-zvbi-0.2.45-1-any.pkg.tar.zst	6cba0f25da5baacb7bcc88c7a1dcb66f66bf2a127a1144ce301df3881c1edcce
